<configuration>

    <appender name="Console"
              class="ch.qos.logback.core.ConsoleAppender">

        <encoder
                class="net.logstash.logback.encoder.LoggingEventCompositeJsonEncoder">
            <providers>
                <!-- provides the fields in the configured pattern -->
                <pattern>
                    <!-- the pattern that defines what to include -->
                    <omitEmptyFields>true</omitEmptyFields>
                    <pattern>
                        {
                        "logger": "%logger",
                        "level": "%level",
                        "thread": "%thread",
                        "msg": "#tryJson{%message}",
                        "timestamp": "%d{yyyy-MM-dd'T'HH:mm:ss.SSS}"
                        }
                    </pattern>
                </pattern>
                <arguments>
                    <includeNonStructuredArguments>false</includeNonStructuredArguments>
                </arguments>
            </providers>
        </encoder>
    </appender>
    <appender name="ASYNC"
              class="ch.qos.logback.classic.AsyncAppender">
        <appender-ref ref="Console"/>
    </appender>

    <root level="INFO">
        <appender-ref ref="ASYNC"/>
    </root>

</configuration>
