<ASNOut00>
    <trailer_nbr>TRL123</trailer_nbr>
    <seal_nbr/>
    <carrier_code>ACAD</carrier_code>
    <asn_nbr>074636895</asn_nbr>
    <bol_nbr>074636895</bol_nbr>
    <asn_type>C</asn_type>
    <shipment_date>2022-08-04T04:13:42</shipment_date>
    <est_arr_date>2022-08-04T04:13:42</est_arr_date>
    <to_location>007</to_location>
    <from_location>895</from_location>
    <has_serials>False</has_serials>
    <ASNDistro01>
        <distro_nbr>1047391856</distro_nbr>
        <distro_doc_type>A</distro_doc_type>
        <in_store_date>2022-08-04T04:13:42</in_store_date>
        <expedite_flag>N</expedite_flag>
        <ASNCtn002>
            <container_id>007638969074636895</container_id>
            <final_location>007</final_location>
            <ASNItem003>
                <item_id>130364443</item_id>
                <unit_qty>1</unit_qty>
            </ASNItem003>
        </ASNCtn002>
    </ASNDistro01>
    <ASNDistro01>
        <distro_nbr>1047727169</distro_nbr>
        <distro_doc_type>A</distro_doc_type>
        <in_store_date>2022-08-04T04:13:42</in_store_date>
        <expedite_flag>N</expedite_flag>
        <ASNCtn002>
            <container_id>007638969074636895</container_id>
            <final_location>007</final_location>
            <ASNItem003>
                <item_id>130162446</item_id>
                <unit_qty>1</unit_qty>
            </ASNItem003>
        </ASNCtn002>
        <ASNCtn002>
            <container_id>007638969074636895</container_id>
            <final_location>007</final_location>
            <ASNItem003>
                <item_id>130162446</item_id>
                <unit_qty>1</unit_qty>
            </ASNItem003>
        </ASNCtn002>
    </ASNDistro01>
    <ASNDistro01>
        <distro_nbr>1047904672</distro_nbr>
        <distro_doc_type>A</distro_doc_type>
        <in_store_date>2022-08-04T04:13:42</in_store_date>
        <expedite_flag>N</expedite_flag>
        <ASNCtn002>
            <container_id>007638969074636895</container_id>
            <final_location>007</final_location>
            <ASNItem003>
                <item_id>129435689</item_id>
                <unit_qty>1</unit_qty>
            </ASNItem003>
        </ASNCtn002>
    </ASNDistro01>
    <ASNDistro01>
        <distro_nbr>1047934565</distro_nbr>
        <distro_doc_type>A</distro_doc_type>
        <in_store_date>2022-08-04T04:13:42</in_store_date>
        <expedite_flag>N</expedite_flag>
        <ASNCtn002>
            <container_id>007638969074636895</container_id>
            <final_location>007</final_location>
            <ASNItem003>
                <item_id>129470687</item_id>
                <unit_qty>2</unit_qty>
            </ASNItem003>
        </ASNCtn002>
    </ASNDistro01>
    <ASNDistro01>
        <distro_nbr>1048215731</distro_nbr>
        <distro_doc_type>A</distro_doc_type>
        <in_store_date>2022-08-04T04:13:42</in_store_date>
        <expedite_flag>N</expedite_flag>
        <ASNCtn002>
            <container_id>007638969074636895</container_id>
            <final_location>007</final_location>
            <ASNItem003>
                <item_id>130712698</item_id>
                <unit_qty>1</unit_qty>
            </ASNItem003>
        </ASNCtn002>
    </ASNDistro01>
    <ASNDistro01>
        <distro_nbr>1049415800</distro_nbr>
        <distro_doc_type>A</distro_doc_type>
        <in_store_date>2022-08-04T04:13:42</in_store_date>
        <expedite_flag>N</expedite_flag>
        <ASNCtn002>
            <container_id>007638969074636895</container_id>
            <final_location>007</final_location>
            <ASNItem003>
                <item_id>125870472</item_id>
                <unit_qty>1</unit_qty>
            </ASNItem003>
        </ASNCtn002>
    </ASNDistro01>
    <ASNDistro01>
        <distro_nbr>1052219560</distro_nbr>
        <distro_doc_type>A</distro_doc_type>
        <in_store_date>2022-08-04T04:13:42</in_store_date>
        <expedite_flag>N</expedite_flag>
        <ASNCtn002>
            <container_id>007638969074636895</container_id>
            <final_location>007</final_location>
            <ASNItem003>
                <item_id>132104936</item_id>
                <unit_qty>1</unit_qty>
            </ASNItem003>
        </ASNCtn002>
    </ASNDistro01>
    <ASNDistro01>
        <distro_nbr>1052228312</distro_nbr>
        <distro_doc_type>A</distro_doc_type>
        <in_store_date>2022-08-04T04:13:42</in_store_date>
        <expedite_flag>N</expedite_flag>
        <ASNCtn002>
            <container_id>007638969074636895</container_id>
            <final_location>007</final_location>
            <ASNItem003>
                <item_id>132272403</item_id>
                <unit_qty>1</unit_qty>
            </ASNItem003>
        </ASNCtn002>
    </ASNDistro01>
    <ASNDistro01>
        <distro_nbr>1052228579</distro_nbr>
        <distro_doc_type>A</distro_doc_type>
        <in_store_date>2022-08-04T04:13:42</in_store_date>
        <expedite_flag>N</expedite_flag>
        <ASNCtn002>
            <container_id>007638969074636895</container_id>
            <final_location>007</final_location>
            <ASNItem003>
                <item_id>132271734</item_id>
                <unit_qty>4</unit_qty>
            </ASNItem003>
        </ASNCtn002>
    </ASNDistro01>
    <ASNDistro01>
        <distro_nbr>1052229019</distro_nbr>
        <distro_doc_type>A</distro_doc_type>
        <in_store_date>2022-08-04T04:13:42</in_store_date>
        <expedite_flag>N</expedite_flag>
        <ASNCtn002>
            <container_id>007638969074636895</container_id>
            <final_location>007</final_location>
            <ASNItem003>
                <item_id>116127687</item_id>
                <unit_qty>1</unit_qty>
            </ASNItem003>
        </ASNCtn002>
    </ASNDistro01>
    <ASNDistro01>
        <distro_nbr>1052230341</distro_nbr>
        <distro_doc_type>A</distro_doc_type>
        <in_store_date>2022-08-04T04:13:42</in_store_date>
        <expedite_flag>N</expedite_flag>
        <ASNCtn002>
            <container_id>007638969074636895</container_id>
            <final_location>007</final_location>
            <ASNItem003>
                <item_id>130882460</item_id>
                <unit_qty>1</unit_qty>
            </ASNItem003>
        </ASNCtn002>
    </ASNDistro01>
    <ASNDistro01>
        <distro_nbr>1052236751</distro_nbr>
        <distro_doc_type>A</distro_doc_type>
        <in_store_date>2022-08-04T04:13:42</in_store_date>
        <expedite_flag>N</expedite_flag>
        <ASNCtn002>
            <container_id>007638969074636895</container_id>
            <final_location>007</final_location>
            <ASNItem003>
                <item_id>130896781</item_id>
                <unit_qty>1</unit_qty>
            </ASNItem003>
        </ASNCtn002>
    </ASNDistro01>
    <ASNDistro01>
        <distro_nbr>1052236753</distro_nbr>
        <distro_doc_type>A</distro_doc_type>
        <in_store_date>2022-08-04T04:13:42</in_store_date>
        <expedite_flag>N</expedite_flag>
        <ASNCtn002>
            <container_id>007638969074636895</container_id>
            <final_location>007</final_location>
            <ASNItem003>
                <item_id>130896790</item_id>
                <unit_qty>1</unit_qty>
            </ASNItem003>
        </ASNCtn002>
    </ASNDistro01>
    <ASNDistro01>
        <distro_nbr>1052236755</distro_nbr>
        <distro_doc_type>A</distro_doc_type>
        <in_store_date>2022-08-04T04:13:42</in_store_date>
        <expedite_flag>N</expedite_flag>
        <ASNCtn002>
            <container_id>007638969074636895</container_id>
            <final_location>007</final_location>
            <ASNItem003>
                <item_id>116500517</item_id>
                <unit_qty>1</unit_qty>
            </ASNItem003>
        </ASNCtn002>
    </ASNDistro01>
    <ASNDistro01>
        <distro_nbr>1052241606</distro_nbr>
        <distro_doc_type>A</distro_doc_type>
        <in_store_date>2022-08-04T04:13:42</in_store_date>
        <expedite_flag>N</expedite_flag>
        <ASNCtn002>
            <container_id>007638969074636895</container_id>
            <final_location>007</final_location>
            <ASNItem003>
                <item_id>130539223</item_id>
                <unit_qty>1</unit_qty>
            </ASNItem003>
        </ASNCtn002>
    </ASNDistro01>
    <ASNDistro01>
        <distro_nbr>1052241743</distro_nbr>
        <distro_doc_type>A</distro_doc_type>
        <in_store_date>2022-08-04T04:13:42</in_store_date>
        <expedite_flag>N</expedite_flag>
        <ASNCtn002>
            <container_id>007638969074636895</container_id>
            <final_location>007</final_location>
            <ASNItem003>
                <item_id>127394019</item_id>
                <unit_qty>1</unit_qty>
            </ASNItem003>
        </ASNCtn002>
    </ASNDistro01>
    <ASNDistro01>
        <distro_nbr>1052241802</distro_nbr>
        <distro_doc_type>A</distro_doc_type>
        <in_store_date>2022-08-04T04:13:42</in_store_date>
        <expedite_flag>N</expedite_flag>
        <ASNCtn002>
            <container_id>007638969074636895</container_id>
            <final_location>007</final_location>
            <ASNItem003>
                <item_id>134418251</item_id>
                <unit_qty>1</unit_qty>
            </ASNItem003>
        </ASNCtn002>
    </ASNDistro01>
    <ASNDistro01>
        <distro_nbr>3028378464</distro_nbr>
        <distro_doc_type>T</distro_doc_type>
        <in_store_date>2022-08-04T04:13:42</in_store_date>
        <expedite_flag>N</expedite_flag>
        <ASNCtn002>
            <container_id>007638969074636895</container_id>
            <final_location>007</final_location>
            <ASNItem003>
                <item_id>127709965</item_id>
                <unit_qty>1</unit_qty>
            </ASNItem003>
        </ASNCtn002>
    </ASNDistro01>
    <ASNDistro01>
        <distro_nbr>3028394184</distro_nbr>
        <distro_doc_type>T</distro_doc_type>
        <in_store_date>2022-08-04T04:13:42</in_store_date>
        <expedite_flag>N</expedite_flag>
        <ASNCtn002>
            <container_id>007638969074636895</container_id>
            <final_location>007</final_location>
            <ASNItem003>
                <item_id>128113750</item_id>
                <unit_qty>1</unit_qty>
            </ASNItem003>
            <ASNItem003>
                <item_id>129628499</item_id>
                <unit_qty>1</unit_qty>
            </ASNItem003>
            <ASNItem003>
                <item_id>130086658</item_id>
                <unit_qty>1</unit_qty>
            </ASNItem003>
            <ASNItem003>
                <item_id>130320846</item_id>
                <unit_qty>1</unit_qty>
            </ASNItem003>
        </ASNCtn002>
    </ASNDistro01>
    <ASNDistro01>
        <distro_nbr>3028408126</distro_nbr>
        <distro_doc_type>T</distro_doc_type>
        <in_store_date>2022-08-04T04:13:42</in_store_date>
        <expedite_flag>N</expedite_flag>
        <ASNCtn002>
            <container_id>007638969074636895</container_id>
            <final_location>007</final_location>
            <ASNItem003>
                <item_id>122874291</item_id>
                <unit_qty>3</unit_qty>
            </ASNItem003>
            <ASNItem003>
                <item_id>125343867</item_id>
                <unit_qty>1</unit_qty>
            </ASNItem003>
            <ASNItem003>
                <item_id>127665616</item_id>
                <unit_qty>1</unit_qty>
            </ASNItem003>
            <ASNItem003>
                <item_id>132960530</item_id>
                <unit_qty>3</unit_qty>
            </ASNItem003>
            <ASNItem003>
                <item_id>132960652</item_id>
                <unit_qty>3</unit_qty>
            </ASNItem003>
            <ASNItem003>
                <item_id>132993227</item_id>
                <unit_qty>6</unit_qty>
            </ASNItem003>
            <ASNItem003>
                <item_id>132993235</item_id>
                <unit_qty>6</unit_qty>
            </ASNItem003>
        </ASNCtn002>
    </ASNDistro01>
    <ASNDistro01>
        <distro_nbr>3028421752</distro_nbr>
        <distro_doc_type>T</distro_doc_type>
        <in_store_date>2022-08-04T04:13:42</in_store_date>
        <expedite_flag>N</expedite_flag>
        <ASNCtn002>
            <container_id>007638969074636895</container_id>
            <final_location>007</final_location>
            <ASNItem003>
                <item_id>125418371</item_id>
                <unit_qty>2</unit_qty>
            </ASNItem003>
            <ASNItem003>
                <item_id>129341906</item_id>
                <unit_qty>1</unit_qty>
            </ASNItem003>
            <ASNItem003>
                <item_id>130319212</item_id>
                <unit_qty>1</unit_qty>
            </ASNItem003>
            <ASNItem003>
                <item_id>130686160</item_id>
                <unit_qty>1</unit_qty>
            </ASNItem003>
        </ASNCtn002>
    </ASNDistro01>
    <ASNDistro01>
        <distro_nbr>3028436192</distro_nbr>
        <distro_doc_type>T</distro_doc_type>
        <in_store_date>2022-08-04T04:13:42</in_store_date>
        <expedite_flag>N</expedite_flag>
        <ASNCtn002>
            <container_id>007638969074636895</container_id>
            <final_location>007</final_location>
            <ASNItem003>
                <item_id>102614046</item_id>
                <unit_qty>2</unit_qty>
            </ASNItem003>
            <ASNItem003>
                <item_id>125727596</item_id>
                <unit_qty>1</unit_qty>
            </ASNItem003>
            <ASNItem003>
                <item_id>129356227</item_id>
                <unit_qty>1</unit_qty>
            </ASNItem003>
            <ASNItem003>
                <item_id>129452340</item_id>
                <unit_qty>1</unit_qty>
            </ASNItem003>
        </ASNCtn002>
    </ASNDistro01>
    <ASNDistro01>
        <distro_nbr>6001298890</distro_nbr>
        <distro_doc_type>T</distro_doc_type>
        <in_store_date>2022-08-04T04:13:42</in_store_date>
        <expedite_flag>N</expedite_flag>
        <ASNCtn002>
            <container_id>007638969074636895</container_id>
            <final_location>007</final_location>
            <ASNItem003>
                <item_id>119931953</item_id>
                <unit_qty>1</unit_qty>
            </ASNItem003>
        </ASNCtn002>
    </ASNDistro01>
    <ASNDistro01>
        <distro_nbr>6001299202</distro_nbr>
        <distro_doc_type>T</distro_doc_type>
        <in_store_date>2022-08-04T04:13:42</in_store_date>
        <expedite_flag>N</expedite_flag>
        <ASNCtn002>
            <container_id>007638969074636895</container_id>
            <final_location>007</final_location>
            <ASNItem003>
                <item_id>119931945</item_id>
                <unit_qty>1</unit_qty>
            </ASNItem003>
        </ASNCtn002>
    </ASNDistro01>
    <container_qty>1</container_qty>
</ASNOut00>
